Cluster,Total_Expenses,MntMeatProducts,MntFishProducts,MntWines,NumStorePurchases,Years_customer,Total_Acc_Cmp,Age,NumCatalogPurchases,Income,n_customers
0,0.16292138018415955,-0.16088286014304148,-0.20970967959160786,0.4326056128878566,0.47260795891687357,0.2627666471916475,-0.0658402555752326,0.2750264237414718,0.1016830354721203,0.18550008375996282,613
1,0.9233739295553276,0.9343046995725537,0.9884622791765548,0.5256854932067239,0.8166387946442006,0.0022719875559086286,-0.14922912210879177,0.09305948056664576,0.9917482870488694,0.829489012548677,414
2,-0.837295101057479,-0.6329987995029717,-0.5210430499352775,-0.782761744323954,-0.7763263016704839,-0.1648102893475466,-0.2812372247831728,-0.19557389492118482,-0.7115259776212641,-0.7388845232703174,738
3,1.7895840514826076,1.7264921506104955,1.277511562855538,1.480412470213997,0.7462566983893992,0.07690632462953588,2.003176323200048,-0.1213548551040793,1.23107416146607,1.1235490847482572,204
4,-0.8461216782687376,-0.639233347035796,-0.5784278153495682,-0.7643801162377021,-0.7642239691415602,-0.2069204954338164,-0.3651437816316267,-0.14032434618098658,-0.7341271182185498,-0.5203957109046481,271
