Cluster,Total_Expenses,MntMeatProducts,MntFishProducts,MntWines,NumStorePurchases,Years_customer,Total_Acc_Cmp,Age,NumCatalogPurchases,Income,Cluster_Count
0,807.8946395563771,149.55637707948244,33.89833641404806,505.38817005545286,8.181146025878004,10.162661737523106,0.4121996303142329,58.10720887245841,3.2939001848428835,59363.09012842243,541
1,98.60876897133221,26.41483979763912,9.75379426644182,31.661045531197303,3.097807757166948,9.97301854974705,0.21585160202360876,44.954468802698145,0.4991568296795953,29569.897566220832,593
2,1397.4385026737968,465.85383244206776,100.23707664884135,614.9768270944742,8.311942959001783,9.976827094474153,1.0231729055258467,54.342245989304814,6.121212121212121,76281.8110613461,561
3,139.51386321626617,28.57116451016636,6.608133086876156,79.18114602587801,3.7578558225508316,9.77634011090573,0.13863216266173753,59.874306839186694,0.8188539741219963,43886.03698859579,541
