Cluster,Total_Expenses,MntMeatProducts,MntFishProducts,MntWines,NumStorePurchases,Years_customer,Total_Acc_Cmp,Age,NumCatalogPurchases,Income,n_customers
0,703.8955954323002,130.64437194127242,26.071778140293638,449.5171288743883,7.32626427406199,10.151712887438826,0.38825448613376834,55.48939641109298,2.959216965742251,56890.727988203835,613
1,1161.7753623188405,377.78985507246375,91.512077294686,480.84057971014494,8.444444444444445,9.973429951690822,0.3140096618357488,53.309178743961354,5.5603864734299515,73011.19264266032,414
2,101.65040650406505,24.104336043360433,9.067750677506774,40.518970189701896,3.2669376693766936,9.859078590785908,0.19647696476964768,49.85094850948509,0.5826558265582655,33751.34046366411,738
3,1683.3333333333333,556.5588235294117,107.29901960784314,802.1274509803922,8.215686274509803,10.02450980392157,2.230392156862745,50.740196078431374,6.259803921568627,80372.16546108515,204
4,96.33579335793358,22.69741697416974,5.9335793357933575,46.70479704797048,3.3062730627306274,9.830258302583026,0.12177121771217712,50.51291512915129,0.5166051660516605,39220.59780596001,271
