Cluster,Total_Expenses,Years_customer,Total_Acc_Cmp,Age,NumCatalogPurchases,Income,n_customers
0,328.3680641183724,9.96485819975339,0.2564734895191122,52.0924784217016,1.469790382244143,43410.164934875604,1622
1,1333.9401294498382,9.990291262135923,0.9466019417475728,52.46116504854369,5.79126213592233,75441.0283302957,618
