Cluster,Total_Expenses,MntMeatProducts,MntFishProducts,MntWines,NumStorePurchases,Years_customer,Total_Acc_Cmp,Age,NumCatalogPurchases,Income,Cluster_Count
0,809.2965009208103,149.98710865561694,34.331491712707184,505.1804788213628,8.171270718232044,10.16390423572744,0.4162062615101289,58.0902394106814,3.305709023941068,59375.88905980946,543
1,141.00556586270872,28.87569573283859,6.758812615955473,79.89795918367346,3.7680890538033394,9.779220779220779,0.1391465677179963,59.996289424860855,0.8274582560296846,44003.94250617871,539
2,97.30756302521009,26.13109243697479,9.312605042016807,31.59327731092437,3.089075630252101,9.969747899159664,0.21512605042016808,44.93781512605042,0.49411764705882355,29531.743288687318,595
3,1398.2790697674418,466.58318425760285,100.36672629695886,615.1216457960644,8.323792486583184,9.97495527728086,1.0214669051878353,54.29874776386404,6.1180679785330945,76308.05546585897,559
