Cluster,Education,Marital_Status,Income,Kidhome,Teenhome,Recency,MntWines,MntFruits,MntMeatProducts,MntFishProducts,MntSweetProducts,MntGoldProds,NumDealsPurchases,NumWebPurchases,NumCatalogPurchases,NumStorePurchases,NumWebVisitsMonth,Response,Age,Years_customer,Total_Expenses,Total_Acc_Cmp,Count
0,2.5123367198838897,3.748911465892598,43511.19162915961,0.6458635703918723,0.6719883889695211,50.0899854862119,137.68940493468796,8.831640058055152,53.90420899854862,14.503628447024674,9.805515239477504,30.732946298984036,2.7590711175616836,3.460087082728592,1.2568940493468794,4.322206095791001,6.303338171262699,0.12191582002902758,54.64876632801161,9.957910014513788,255.46734397677793,0.26850507982583455,689
1,2.537519142419602,3.6952526799387444,63432.385911179175,0.1883614088820827,0.7090352220520674,48.324655436447166,483.4196018376723,37.48392036753446,214.03062787136295,51.355283307810105,37.06278713629403,62.99234303215926,2.7320061255742725,5.658499234303216,3.781010719754977,8.050535987748852,4.55895865237366,0.11485451761102604,57.00612557427259,10.016845329249618,886.344563552833,0.37059724349157736,653
2,2.002,3.722,24177.364,0.792,0.228,47.996,19.318,5.776,21.822,8.372,5.8,16.462,2.028,1.98,0.46,2.942,7.034,0.1,48.866,9.994,77.55,0.182,500
3,2.454314720812183,3.761421319796954,82988.78680203046,0.07360406091370558,0.23604060913705585,50.14720812182741,659.4644670050761,64.22081218274111,470.9695431472081,91.92131979695432,67.751269035533,70.57360406091371,1.2741116751269035,5.256345177664975,6.065989847715736,8.256345177664974,2.6802030456852792,0.31725888324873097,54.97715736040609,9.895939086294415,1424.9010152284263,1.2233502538071066,394
