Cluster,Education,Marital_Status,Income,Kidhome,Teenhome,Recency,MntWines,MntFruits,MntMeatProducts,MntFishProducts,MntSweetProducts,MntGoldProds,NumDealsPurchases,NumWebPurchases,NumCatalogPurchases,NumStorePurchases,NumWebVisitsMonth,Response,Age,Years_customer,Total_Expenses,Total_Acc_Cmp,Count
0,2.5172413793103448,3.74294670846395,40544.076802507836,0.7053291536050157,0.6144200626959248,48.30407523510972,103.03291536050156,7.75705329153605,42.990595611285265,12.830721003134796,7.783699059561129,25.18025078369906,2.5783699059561127,3.0877742946708464,1.0031347962382444,3.959247648902821,6.446708463949843,0.12539184952978055,53.70376175548589,9.938871473354231,199.57523510971788,0.2554858934169279,638
1,2.413306451612903,3.743951612903226,80652.21975806452,0.07862903225806452,0.26411290322580644,49.806451612903224,641.0282258064516,62.24193548387097,448.1633064516129,89.66129032258064,67.07661290322581,72.95362903225806,1.3830645161290323,5.262096774193548,5.840725806451613,8.300403225806452,2.816532258064516,0.2862903225806452,55.20967741935484,9.919354838709678,1381.125,1.0846774193548387,496
2,2.57879234167894,3.7216494845360826,60007.52729380114,0.25184094256259204,0.7731958762886598,49.42562592047128,426.67452135493374,30.354933726067745,169.0117820324006,41.20618556701031,29.21502209131075,57.66863033873343,2.948453608247423,5.509572901325479,3.276877761413844,7.51840942562592,4.9779086892488955,0.10014727540500737,57.263622974963184,10.013254786450663,754.1310751104565,0.33136966126656847,679
3,1.8959810874704492,3.7044917257683214,22626.690307328605,0.7872340425531915,0.20094562647754138,49.0354609929078,15.678486997635934,5.486997635933806,21.037825059101653,7.787234042553192,5.860520094562648,16.404255319148938,2.0520094562647753,1.9361702127659575,0.4562647754137116,2.862884160756501,7.099290780141844,0.10401891252955082,48.328605200945624,10.018912529550827,72.25531914893617,0.17494089834515367,423
