Cluster,Education,Marital_Status,Income,Kidhome,Teenhome,Recency,MntWines,MntFruits,MntMeatProducts,MntFishProducts,MntSweetProducts,MntGoldProds,NumDealsPurchases,NumWebPurchases,NumCatalogPurchases,NumStorePurchases,NumWebVisitsMonth,Age,Years_customer,Total_Expenses,Total_Acc_Cmp,Count
0,2.48068669527897,3.7339055793991416,76724.82975679543,0.09012875536480687,0.3590844062947067,49.05579399141631,618.2832618025751,56.77396280400572,394.83977110157366,82.07153075822603,59.67811158798283,70.40915593705293,1.6437768240343347,5.419170243204578,5.417739628040057,8.393419170243204,3.2017167381974247,55.4549356223176,9.937052932761087,1282.0557939914163,0.8755364806866953,699
1,2.517123287671233,3.7294520547945207,41072.94520547945,0.708904109589041,0.6421232876712328,49.111301369863014,105.15924657534246,7.515410958904109,42.71061643835616,12.397260273972602,7.674657534246576,25.330479452054796,2.63527397260274,3.0907534246575343,1.018835616438356,3.958904109589041,6.4229452054794525,53.81849315068493,9.943493150684931,200.7876712328767,0.25,584
2,1.9573560767590619,3.718550106609808,23565.464818763325,0.7825159914712153,0.2068230277185501,48.18976545842217,18.328358208955223,5.91684434968017,21.95948827292111,8.582089552238806,5.918976545842217,16.646055437100213,2.0277185501066097,1.9872068230277184,0.4626865671641791,2.9275053304904053,7.068230277185501,48.60554371002132,10.002132196162046,77.35181236673775,0.18550106609808104,469
3,2.549586776859504,3.7334710743801653,56854.057918369785,0.30785123966942146,0.8471074380165289,50.107438016528924,367.43801652892563,24.59504132231405,128.38842975206612,31.607438016528924,23.923553719008265,54.81404958677686,3.227272727272727,5.402892561983471,2.8016528925619837,7.039256198347108,5.349173553719008,57.81611570247934,10.02892561983471,630.7665289256198,0.3202479338842975,484
